company,category,date,link
arbisoft,D,2017-07,https://arbisoft.com/blog/large-scale-website-scraping-issues-and-the-tools-to-resolve-them/
arbisoft,D,2017-07,https://arbisoft.com/blog/scrapy-and-realtime-crawling-to-do-or-not-to-do/
tryolabs,D,2011-09,https://tryolabs.com/blog/2011/09/27/calling-scrapy-python-script/
intoli,D,2017-07,https://www.zyte.com/blog/scraping-the-steam-game-store-with-scrapy/
zyte,D,2016-08,https://www.zyte.com/blog/how-to-crawl-the-web-politely-with-scrapy/
zyte,D,2016-07,https://www.zyte.com/blog/meet-parsel-the-selector-library-behind-scrapy/
zyte,C,2016-07,https://www.zyte.com/blog/scrapy-tips-from-the-pros-july-2016/
zyte,D,2016-07,https://www.zyte.com/blog/improving-access-to-peruvian-congress-bills-with-scrapy/
zyte,C,2016-05,https://www.zyte.com/blog/scrapy-tips-from-the-pros-may-2016-edition/
zyte,C,2016-04,https://www.zyte.com/blog/scrapy-tips-from-the-pros-april-2016-edition/
zyte,C,2016-03,https://www.zyte.com/blog/scrapy-tips-from-the-pros-march-2016-edition/
zyte,C,2016-02,https://www.zyte.com/blog/scrapy-tips-from-the-pros-february-2016-edition/
zyte,C,2016-01,https://www.zyte.com/blog/scrapy-tips-from-the-pros-part-1/
datahut,C,2016-10,http://blog.datahut.co/tutorial-how-to-scrape-amazon-using-python-scrapy/
sayone,D,2015-06,https://www.sayonetech.com/blog/peep-into-crawling/
thalasarventures,E,,http://thalasar.com/custom-application-development/scrapy-custom-development-and-support
sayone,E,,https://www.sayonetech.com/services/data-scraping/
lambertlabs,F,,https://lambertlabs.com/services/data-extraction/
lambertlabs,G,2016-01,https://stackoverflow.com/questions/34907092/how-to-add-start-url-as-an-item/34907103#34907103
lambertlabs,G,2015-10,https://stackoverflow.com/questions/33111341/applying-xpath-to-result-of-xpath-operation/33111430#33111430
lambertlabs,G,2016-01,https://stackoverflow.com/questions/34991733/python-scrapy-include-text-exclude-text-using-xpath/34991831#34991831
lambertlabs,G,2016-01,https://stackoverflow.com/questions/34950362/how-to-select-tables-with-scrapy/34950455#34950455
lambertlabs,G,2016-03,https://stackoverflow.com/questions/35750838/how-to-download-all-images-under-one-specific-node-in-scrapy/35750947#35750947
lapisdata,F,,https://www.lapisdata.com/data-services.html
scrapeops,B,2022-01,https://github.com/ScrapeOps/scrapeops-scrapy-sdk
scrapeops,C,2022-04,https://scrapeops.io/python-scrapy-playbook
web scraping solutions,B,2024-03,https://github.com/WebScrapingSolutions/scrapy-project-template
web scraping solutions,C,2024-06,https://webscraping.net/blog/scrapy-postgresql-integration-guide/
web scraping solutions,E,2023-11,https://webscraping.net/legacy-web-scraping-project-support/
web scraping solutions,F,2023-11,https://webscraping.net/blog/our-web-scraping-tech-stack/
